kernel_type,implementation,size,sparsity,threads,time_seconds,gflops,cpnz,flops,bytes_accessed,arithmetic_intensity
dense,scalar,1024,0,1,0.496185,4.32799,0,2147483648,12582912,170.667
dense,simd,1024,0,1,0.101469,21.1639,0,2147483648,12582912,170.667
dense,omp,1024,0,2,1.28257,1.67436,0,2147483648,12582912,170.667
dense,omp,1024,0,4,1.30898,1.64058,0,2147483648,12582912,170.667
dense,omp,1024,0,8,0.871058,2.46537,0,2147483648,12582912,170.667
dense,simd_omp,1024,0,2,0.295491,7.26751,0,2147483648,12582912,170.667
dense,simd_omp,1024,0,4,0.29734,7.22231,0,2147483648,12582912,170.667
dense,simd_omp,1024,0,8,0.171233,12.5413,0,2147483648,12582912,170.667
