kernel_type,implementation,size,sparsity,threads,time_seconds,gflops,cpnz,flops,bytes_accessed,arithmetic_intensity
dense,scalar,1024,0,1,0.510723,4.20479,0,2147483648,12582912,170.667
dense,simd,1024,0,1,0.0510505,42.0659,0,2147483648,12582912,170.667
dense,omp,1024,0,2,1.45037,1.48064,0,2147483648,12582912,170.667
dense,omp,1024,0,4,1.36568,1.57247,0,2147483648,12582912,170.667
dense,omp,1024,0,8,0.927,2.3166,0,2147483648,12582912,170.667
dense,simd_omp,1024,0,2,0.163132,13.1641,0,2147483648,12582912,170.667
dense,simd_omp,1024,0,4,0.102556,20.9396,0,2147483648,12582912,170.667
dense,simd_omp,1024,0,8,0.0858419,25.0167,0,2147483648,12582912,170.667
