kernel_type,implementation,size,sparsity,threads,time_seconds,gflops,cpnz,flops,bytes_accessed,arithmetic_intensity
dense,simd,32,0,1,0.0001571,0.417161,0,65536,12288,5.33333
dense,simd,64,0,1,8.37667e-05,6.25891,0,524288,49152,10.6667
dense,simd,128,0,1,8.87333e-05,47.2686,0,4194304,196608,21.3333
dense,simd,256,0,1,0.0006889,48.7073,0,33554432,786432,42.6667
dense,simd,512,0,1,0.00409977,65.4758,0,268435456,3145728,85.3333
dense,simd,1024,0,1,0.0833393,25.7679,0,2147483648,12582912,170.667
